{"parent":"collection.json","context":{"market":"bd"},"sections":{"featured_collection_E9hkP":{"type":"featured-collection","disabled":true,"settings":{"title":"Classic Polo","heading_size":"h1","description":"<p>Style Classy! Save <strong>UPTO 40% <\/strong><\/p>","show_description":false,"description_style":"body","collection":"classic-polo","products_to_show":8,"columns_desktop":4,"full_width":false,"show_view_all":true,"view_all_style":"link","enable_desktop_slider":false,"color_scheme":"","header-cd1fca4442834fe5a2a8f806a7a29360":null,"image_ratio":"adapt","image_shape":"default","show_secondary_image":true,"show_vendor":false,"show_rating":false,"enable_quick_add":true,"header-1a2485000250c0458b0801e46ce7679c":null,"columns_mobile":"2","swipe_on_mobile":false,"header-8aa0eea3eda393edb19cb6f4bc31ca30":null,"padding_top":36,"padding_bottom":36},"blocks":{},"block_order":[]},"featured_collection_p69Ym":{"type":"featured-collection","disabled":true,"settings":{"title":"Performance Polo","heading_size":"h1","description":"<p>Grab Yours Now! Save <strong>UPTO 25%<\/strong><\/p>","show_description":false,"description_style":"body","collection":"performance-polo","products_to_show":8,"columns_desktop":4,"full_width":false,"show_view_all":true,"view_all_style":"link","enable_desktop_slider":false,"color_scheme":"background-1","header-a515f40fed6db071260454f9e7b04b42":null,"image_ratio":"adapt","image_shape":"default","show_secondary_image":true,"show_vendor":false,"show_rating":false,"enable_quick_add":true,"header-7fc00e0a0616118acd06431741250ff7":null,"columns_mobile":"2","swipe_on_mobile":false,"header-de60485a70239e86b7b25b44525e22d5":null,"padding_top":36,"padding_bottom":36},"blocks":{},"block_order":[]},"featured_collection_AigQJ":{"type":"featured-collection","disabled":true,"settings":{"title":"Premium Polo","heading_size":"h1","description":"<p>Upgrade Your Style! <strong>UPTO 40% Off <\/strong>- Shop Now<\/p>","show_description":false,"description_style":"body","collection":"premium-polo","products_to_show":8,"columns_desktop":4,"full_width":false,"show_view_all":true,"view_all_style":"link","enable_desktop_slider":false,"color_scheme":"","header-477291cc79ccc0bc0cf7cfe96ea487d0":null,"image_ratio":"adapt","image_shape":"default","show_secondary_image":false,"show_vendor":false,"show_rating":false,"enable_quick_add":false,"header-9c3307de7572096b3e66383a28c99489":null,"columns_mobile":"2","swipe_on_mobile":false,"header-4e68a3a23ae5064e9baa197cca501987":null,"padding_top":36,"padding_bottom":36},"blocks":{},"block_order":[]},"banner":{"disabled":false,"settings":{"show_collection_description":false,"show_collection_image":true,"color_scheme":"background-2"},"blocks":{}},"product-grid":{"disabled":false,"settings":{"products_per_page":20,"columns_desktop":4,"color_scheme":"background-2","image_ratio":"adapt","show_vendor":false,"enable_quick_add":false,"filter_type":"drawer","columns_mobile":"2"},"blocks":{}}},"order":["banner","product-grid","featured_collection_E9hkP","featured_collection_p69Ym","featured_collection_AigQJ"]}