{"sections":{"banner":{"type":"main-collection-banner","settings":{"show_collection_description":false,"show_collection_image":false,"color_scheme":"background-2"}},"product-grid":{"type":"main-collection-product-grid","settings":{"products_per_page":16,"columns_desktop":3,"color_scheme":"background-1","image_ratio":"portrait","image_shape":"default","show_secondary_image":true,"show_vendor":false,"show_rating":true,"enable_quick_add":false,"enable_filtering":true,"filter_type":"horizontal","enable_sorting":true,"columns_mobile":"1","padding_top":20,"padding_bottom":12}}},"order":["banner","product-grid"]}