{"sections":{"657b6d79-67a2-4d25-81f2-626625b61477":{"type":"slideshow","blocks":{"92454e11-d162-4b8b-9330-5f9b1fdede49":{"type":"slide","settings":{"image":"shopify:\/\/shop_images\/coverrr.jpg","heading":"","heading_size":"h1","subheading":"","button_label":"","link":"","button_style_secondary":false,"box_align":"middle-center","show_text_box":false,"text_alignment":"center","image_overlay_opacity":0,"color_scheme":"background-2","text_alignment_mobile":"center"}},"template--16987181252845__657b6d79-67a2-4d25-81f2-626625b61477-slide-1":{"type":"slide","settings":{"image":"shopify:\/\/shop_images\/Winter_Collection_2023.jpg","heading":"","heading_size":"h1","subheading":"","button_label":"","link":"","button_style_secondary":true,"box_align":"middle-center","show_text_box":false,"text_alignment":"center","image_overlay_opacity":0,"color_scheme":"","text_alignment_mobile":"center"}}},"block_order":["92454e11-d162-4b8b-9330-5f9b1fdede49","template--16987181252845__657b6d79-67a2-4d25-81f2-626625b61477-slide-1"],"settings":{"layout":"full_bleed","slide_height":"large","slider_visual":"dots","auto_rotate":true,"change_slides_speed":5,"image_behavior":"none","show_text_below":false,"accessibility_info":"TORR"}},"featured_collection":{"type":"featured-collection","settings":{"title":"BEST SELLER","heading_size":"h2","description":"","show_description":false,"description_style":"body","collection":"classic-polo","products_to_show":4,"columns_desktop":4,"full_width":false,"show_view_all":true,"view_all_style":"link","enable_desktop_slider":false,"color_scheme":"background-1","image_ratio":"adapt","image_shape":"default","show_secondary_image":true,"show_vendor":false,"show_rating":true,"enable_quick_add":false,"columns_mobile":"1","swipe_on_mobile":true,"padding_top":0,"padding_bottom":28}},"36f4b9f5-63c1-4cc7-a526-5ed104a099d9":{"type":"collection-list","blocks":{"template--16987181252845__36f4b9f5-63c1-4cc7-a526-5ed104a099d9-featured_collection-2":{"type":"featured_collection","settings":{"collection":"mens-collection"}}},"block_order":["template--16987181252845__36f4b9f5-63c1-4cc7-a526-5ed104a099d9-featured_collection-2"],"settings":{"title":"","heading_size":"h2","image_ratio":"adapt","columns_desktop":2,"color_scheme":"","show_view_all":false,"columns_mobile":"2","swipe_on_mobile":false,"padding_top":12,"padding_bottom":0}},"20c3b5fe-8797-4744-be0d-ce385a374eb8":{"type":"featured-collection","settings":{"title":"CLASSIC POLO","heading_size":"h2","description":"","show_description":false,"description_style":"body","collection":"classic-polo","products_to_show":4,"columns_desktop":4,"full_width":false,"show_view_all":true,"view_all_style":"link","enable_desktop_slider":true,"color_scheme":"","image_ratio":"portrait","image_shape":"default","show_secondary_image":true,"show_vendor":false,"show_rating":true,"enable_quick_add":false,"columns_mobile":"2","swipe_on_mobile":false,"padding_top":0,"padding_bottom":28}},"f978dfd4-a13a-4a04-bb8d-fa035d7b026c":{"type":"featured-collection","settings":{"title":"PREMIUM POLO","heading_size":"h2","description":"","show_description":false,"description_style":"body","collection":"premium-polo","products_to_show":4,"columns_desktop":4,"full_width":false,"show_view_all":true,"view_all_style":"link","enable_desktop_slider":true,"color_scheme":"","image_ratio":"portrait","image_shape":"default","show_secondary_image":true,"show_vendor":false,"show_rating":true,"enable_quick_add":false,"columns_mobile":"2","swipe_on_mobile":false,"padding_top":0,"padding_bottom":28}},"ff5bc9df-c06c-4d8c-8154-e0ecbffa33e1":{"type":"featured-collection","settings":{"title":"JOGGERS","heading_size":"h2","description":"","show_description":false,"description_style":"body","collection":"mens-joggers","products_to_show":5,"columns_desktop":5,"full_width":false,"show_view_all":true,"view_all_style":"link","enable_desktop_slider":false,"color_scheme":"","image_ratio":"portrait","image_shape":"default","show_secondary_image":true,"show_vendor":false,"show_rating":true,"enable_quick_add":false,"columns_mobile":"2","swipe_on_mobile":false,"padding_top":0,"padding_bottom":28}},"b0b58b5f-763d-4f99-95a6-82952ff2d5de":{"type":"featured-collection","settings":{"title":"DENIM","heading_size":"h2","description":"","show_description":false,"description_style":"body","collection":"mens-denim","products_to_show":5,"columns_desktop":5,"full_width":false,"show_view_all":true,"view_all_style":"solid","enable_desktop_slider":false,"color_scheme":"","image_ratio":"portrait","image_shape":"default","show_secondary_image":true,"show_vendor":false,"show_rating":true,"enable_quick_add":false,"columns_mobile":"2","swipe_on_mobile":true,"padding_top":0,"padding_bottom":28}},"a5db1424-9d57-4aac-8a8b-e89a30b9e51e":{"type":"image-banner","blocks":{"template--16987181252845__a5db1424-9d57-4aac-8a8b-e89a30b9e51e-buttons-1":{"type":"buttons","settings":{"button_label_1":"MENS","button_link_1":"shopify:\/\/collections\/mens-activewear","button_style_secondary_1":false,"button_label_2":"WOMENS","button_link_2":"shopify:\/\/collections\/womens-activewear","button_style_secondary_2":false}}},"block_order":["template--16987181252845__a5db1424-9d57-4aac-8a8b-e89a30b9e51e-buttons-1"],"settings":{"image":"shopify:\/\/shop_images\/Activewear.jpg","image_overlay_opacity":10,"image_height":"medium","desktop_content_position":"bottom-center","show_text_box":false,"desktop_content_alignment":"center","color_scheme":"","image_behavior":"none","mobile_content_alignment":"center","stack_images_on_mobile":false,"show_text_below":false}},"97ab5938-8e40-4754-bec3-826d5f42efa0":{"type":"rich-text","settings":{"desktop_content_position":"center","content_alignment":"center","color_scheme":"background-2","full_width":true,"padding_top":0,"padding_bottom":0}},"93ae8485-19c1-4a34-92a8-8dfce300770b":{"type":"featured-collection","settings":{"title":"ACTIVEWEAR T-SHIRT","heading_size":"h2","description":"","show_description":false,"description_style":"body","collection":"mens-activewear","products_to_show":4,"columns_desktop":4,"full_width":false,"show_view_all":true,"view_all_style":"link","enable_desktop_slider":true,"color_scheme":"","image_ratio":"portrait","image_shape":"default","show_secondary_image":true,"show_vendor":true,"show_rating":true,"enable_quick_add":false,"columns_mobile":"2","swipe_on_mobile":false,"padding_top":0,"padding_bottom":28}},"f19c2204-a923-4df3-be46-791ba646f044":{"type":"collection-list","blocks":{"template--16987181252845__f19c2204-a923-4df3-be46-791ba646f044-featured_collection-1":{"type":"featured_collection","settings":{"collection":"womens-activewear"}}},"block_order":["template--16987181252845__f19c2204-a923-4df3-be46-791ba646f044-featured_collection-1"],"settings":{"title":"","heading_size":"h2","image_ratio":"adapt","columns_desktop":1,"color_scheme":"","show_view_all":false,"columns_mobile":"1","swipe_on_mobile":false,"padding_top":0,"padding_bottom":0}},"4fc72eae-7a39-48ab-8c4a-e038aaf44a8b":{"type":"featured-collection","settings":{"title":"WOMEN'S ACTIVEWEAR","heading_size":"h2","description":"","show_description":false,"description_style":"body","collection":"womens-activewear","products_to_show":4,"columns_desktop":4,"full_width":false,"show_view_all":false,"view_all_style":"solid","enable_desktop_slider":false,"color_scheme":"","image_ratio":"adapt","image_shape":"default","show_secondary_image":true,"show_vendor":false,"show_rating":true,"enable_quick_add":false,"columns_mobile":"2","swipe_on_mobile":false,"padding_top":0,"padding_bottom":8}},"6c6ad394-f5c3-47ef-a6ad-5d358146cf8f":{"type":"collection-list","blocks":{"template--16987181252845__6c6ad394-f5c3-47ef-a6ad-5d358146cf8f-featured_collection-1":{"type":"featured_collection","settings":{"collection":"womens-coillection"}}},"block_order":["template--16987181252845__6c6ad394-f5c3-47ef-a6ad-5d358146cf8f-featured_collection-1"],"settings":{"title":"","heading_size":"h1","image_ratio":"adapt","columns_desktop":3,"color_scheme":"","show_view_all":false,"columns_mobile":"1","swipe_on_mobile":false,"padding_top":0,"padding_bottom":0}},"e35981f7-80b6-440f-8680-7892a20dd2e3":{"type":"featured-collection","settings":{"title":"","heading_size":"h2","description":"","show_description":false,"description_style":"uppercase","collection":"womens-top","products_to_show":4,"columns_desktop":4,"full_width":false,"show_view_all":true,"view_all_style":"link","enable_desktop_slider":true,"color_scheme":"","image_ratio":"portrait","image_shape":"default","show_secondary_image":true,"show_vendor":false,"show_rating":true,"enable_quick_add":false,"columns_mobile":"2","swipe_on_mobile":false,"padding_top":0,"padding_bottom":28}},"fbd2f1e2-0850-4ba5-a446-7bc8a018a5cd":{"type":"collection-list","blocks":{"template--16987181252845__fbd2f1e2-0850-4ba5-a446-7bc8a018a5cd-featured_collection-3":{"type":"featured_collection","settings":{"collection":"kids-collection"}}},"block_order":["template--16987181252845__fbd2f1e2-0850-4ba5-a446-7bc8a018a5cd-featured_collection-3"],"settings":{"title":"","heading_size":"h2","image_ratio":"adapt","columns_desktop":1,"color_scheme":"","show_view_all":false,"columns_mobile":"1","swipe_on_mobile":false,"padding_top":0,"padding_bottom":0}},"d4facdcb-5bff-40c4-b357-1fcfa3023a14":{"type":"featured-collection","settings":{"title":"GIRL'S FROCK","heading_size":"h2","description":"","show_description":false,"description_style":"body","collection":"kids-collection","products_to_show":4,"columns_desktop":4,"full_width":false,"show_view_all":true,"view_all_style":"solid","enable_desktop_slider":false,"color_scheme":"","image_ratio":"adapt","image_shape":"default","show_secondary_image":false,"show_vendor":false,"show_rating":false,"enable_quick_add":false,"columns_mobile":"2","swipe_on_mobile":false,"padding_top":0,"padding_bottom":28}},"1702790638b993ec32":{"type":"apps","blocks":{"42c3f27b-dc50-427e-9a60-45cbb3171ec1":{"type":"shopify:\/\/apps\/instafeed\/blocks\/app-block\/c447db20-095d-4a10-9725-b5977662c9d5","settings":{"title":"TORR on Instagram","title_color":"","title_size":25,"alignment":"left","margin_top":0,"margin_bottom":28,"html_area":""}}},"block_order":["42c3f27b-dc50-427e-9a60-45cbb3171ec1"],"settings":{"include_margins":true}},"170279087189a44793":{"type":"apps","blocks":{"221bac43-4725-4e46-8377-2dcd674eb209":{"type":"shopify:\/\/apps\/instafeed\/blocks\/app-block\/c447db20-095d-4a10-9725-b5977662c9d5","settings":{"title":"TORR on Instagram","title_color":"","title_size":30,"alignment":"left","margin_bottom":28,"html_area":""}}},"block_order":["221bac43-4725-4e46-8377-2dcd674eb209"],"settings":{"include_margins":true}},"1704974196f09df805":{"type":"apps","blocks":{"lookfy_gallery_lookfy_gallery_ewyxW4":{"type":"shopify:\/\/apps\/lookfy-gallery\/blocks\/lookfy-gallery\/596af5f6-9933-4730-95c2-f7d8d52a0c3e","settings":{"gallery_id":3037,"dynamic_source":"","title":"","subtitle":"","heading_size":"1","heading_align":"left","padding_top":36,"padding_bottom":36}},"lookfy_gallery_lookfy_gallery_QfPVCa":{"type":"shopify:\/\/apps\/lookfy-gallery\/blocks\/lookfy-gallery\/596af5f6-9933-4730-95c2-f7d8d52a0c3e","settings":{"gallery_id":3037,"dynamic_source":"product","title":"","subtitle":"","heading_size":"1","heading_align":"left","padding_top":36,"padding_bottom":36}}},"block_order":["lookfy_gallery_lookfy_gallery_ewyxW4","lookfy_gallery_lookfy_gallery_QfPVCa"],"settings":{"include_margins":true}}},"order":["657b6d79-67a2-4d25-81f2-626625b61477","featured_collection","36f4b9f5-63c1-4cc7-a526-5ed104a099d9","20c3b5fe-8797-4744-be0d-ce385a374eb8","f978dfd4-a13a-4a04-bb8d-fa035d7b026c","ff5bc9df-c06c-4d8c-8154-e0ecbffa33e1","b0b58b5f-763d-4f99-95a6-82952ff2d5de","a5db1424-9d57-4aac-8a8b-e89a30b9e51e","97ab5938-8e40-4754-bec3-826d5f42efa0","93ae8485-19c1-4a34-92a8-8dfce300770b","f19c2204-a923-4df3-be46-791ba646f044","4fc72eae-7a39-48ab-8c4a-e038aaf44a8b","6c6ad394-f5c3-47ef-a6ad-5d358146cf8f","e35981f7-80b6-440f-8680-7892a20dd2e3","fbd2f1e2-0850-4ba5-a446-7bc8a018a5cd","d4facdcb-5bff-40c4-b357-1fcfa3023a14","1702790638b993ec32","170279087189a44793","1704974196f09df805"]}