{"parent":"index.json","context":{"market":"bd"},"sections":{"image_banner_JrDwE":{"type":"image-banner","disabled":true,"settings":{"image":"shopify:\/\/shop_images\/Summer-banner-2.jpg","image_2":null,"image_overlay_opacity":0,"image_height":"adapt","desktop_content_position":"middle-center","show_text_box":false,"desktop_content_alignment":"center","color_scheme":"","header-e62a99cdaaf1391527e361a49daab6ec":null,"image_behavior":"none","header-ac0573c03aa9c1bbe16f462fe4be215e":null,"mobile_content_alignment":"center","stack_images_on_mobile":true,"show_text_below":true},"blocks":{},"block_order":[]},"rich_text_eqykr":{"type":"rich-text","disabled":true,"settings":{"desktop_content_position":"center","content_alignment":"center","color_scheme":"","full_width":false,"header-160dab59fb39d7d41c9ade585e9e06a2":null,"padding_top":16,"padding_bottom":16},"blocks":{"heading_hYB4b":{"type":"heading","disabled":true,"settings":{"heading":"SALE UPTO 50%","heading_size":"hxl"}},"text_fNByV":{"type":"text","disabled":true,"settings":{"text":"<p>EXPLORE AMAZING SAVINGS WITH UP TO 50% OFF AT OUR SUMMER SALE EVENT!<\/p>"}},"button_RNmpm":{"type":"button","disabled":false,"settings":{"button_label":"Shop Now","button_link":"shopify:\/\/collections\/all","button_style_secondary":false,"button_label_2":"","button_link_2":"","button_style_secondary_2":false}}},"block_order":["heading_hYB4b","text_fNByV","button_RNmpm"]},"featured_collection_z3U6m":{"type":"featured-collection","disabled":false,"settings":{"title":"DROP SHOULDER T-SHIRT","heading_size":"h2","description":"","show_description":false,"description_style":"body","collection":"drop-shoulder-t-shirt","products_to_show":4,"columns_desktop":4,"full_width":false,"show_view_all":true,"view_all_style":"solid","enable_desktop_slider":false,"color_scheme":"","header-c54db897cd977db7df453a0cc24d104c":null,"image_ratio":"adapt","image_shape":"default","show_secondary_image":true,"show_vendor":false,"show_rating":false,"enable_quick_add":false,"header-5943044a76d839a83371aa73b342ab6d":null,"columns_mobile":"2","swipe_on_mobile":false,"header-dfbaf6efdafc45411d0dab9a3ca846bf":null,"padding_top":0,"padding_bottom":28},"blocks":{},"block_order":[]},"featured_collection_JaMgi":{"type":"featured-collection","disabled":false,"settings":{"title":"ETHNIC","heading_size":"h2","description":"","show_description":false,"description_style":"body","collection":"ethnic","products_to_show":4,"columns_desktop":4,"full_width":false,"show_view_all":true,"view_all_style":"link","enable_desktop_slider":false,"color_scheme":"","header-15e15bfb14f07e050e0624766837deb7":null,"image_ratio":"adapt","image_shape":"default","show_secondary_image":true,"show_vendor":false,"show_rating":false,"enable_quick_add":false,"header-069825ea715deeada6711c2c15446002":null,"columns_mobile":"2","swipe_on_mobile":false,"header-efebf3af14997140636e201357f061b5":null,"padding_top":36,"padding_bottom":36},"blocks":{},"block_order":[]},"38dadb26-1766-4292-8687-ad6a9570f98e":{"type":"featured-collection","disabled":false,"settings":{"title":"BOY'S T-SHIRT","heading_size":"h2","description":"","show_description":false,"description_style":"body","collection":"boys-t-shirt-1","products_to_show":4,"columns_desktop":4,"full_width":false,"show_view_all":true,"view_all_style":"solid","enable_desktop_slider":false,"color_scheme":"","header-c1cbd40a3fc8de549e91ec89d40de7df":null,"image_ratio":"adapt","image_shape":"default","show_secondary_image":true,"show_vendor":false,"show_rating":false,"enable_quick_add":false,"header-73654a20ac5df9c92fbfe97713fed132":null,"columns_mobile":"2","swipe_on_mobile":false,"header-68b8aed3e33718ae355d801bd8707844":null,"padding_top":0,"padding_bottom":28},"blocks":{},"block_order":[]},"d5e7caad-219c-41b7-a2cd-03b0eae6ac11":{"type":"ss-feature-1","disabled":false,"settings":{"header-cdd36305def93234fa1d5a4c5261f4b6":null,"feature_row":4,"feature_row_mobile":2,"feature_gap":12,"feature_gap_mobile":10,"feature_padding_vertical":18,"feature_padding_horizontal":0,"feature_radius":0,"feature_border_thickness":0,"feature_shadow":true,"header-0530ab854856d4325fb5b80f1024b08f":null,"feature_heading_custom":true,"feature_heading_font":"josefin_sans_n4","feature_heading_size":14,"feature_heading_size_mobile":12,"feature_heading_height":130,"feature_heading_mt":8,"header-ff0f2cd2797ed9235d5fa3c5ed49d7dc":null,"feature_text_custom":false,"feature_text_font":"josefin_sans_n4","feature_text_size":12,"feature_text_size_mobile":10,"feature_text_height":130,"feature_text_mt":4,"header-81e7735694c332889b0299b69b13631f":null,"feature_icon_size":30,"feature_icon_size_mobile":30,"header-c0550533ad39ade942076aece1b0f4e1":null,"feature_bg":"#ffffff","feature_border_color":"#000000","feature_shadow_color":"#000000","feature_heading_color":"#000000","feature_text_color":"#000000","feature_icon_color":"#000000","background_color":"#ffffff","background_gradient":"","border_color":"#000000","header-3c1d007e6d90f5c7abcf5a6a2a4fb705":null,"margin_top":0,"margin_bottom":0,"header-a26bacaad89db0427d073671c42eec38":null,"padding_top":16,"padding_bottom":16,"padding_horizontal":5,"padding_horizontal_mobile":1.5,"header-a3447e04fd4f2371d0b590544d47f0c3":null,"full_width":true,"content_width":120,"border_thickness":0,"lazy":true},"blocks":{"image_gx6Fz":{"type":"image","disabled":false,"settings":{"feature_title":"Item Title","feature_text":"<p>Item text<\/p>","feature_image":null,"feature_url":"","hide_image":false}},"template--17105618436333__d5e7caad-219c-41b7-a2cd-03b0eae6ac11-image-2":{"type":"image","disabled":false,"settings":{"feature_title":"Best Seller Offer","feature_text":"Safe money when ordering with us","feature_image":null,"feature_url":"shopify:\/\/collections\/all","hide_image":false}},"template--17105618436333__d5e7caad-219c-41b7-a2cd-03b0eae6ac11-image-3":{"type":"image","disabled":false,"settings":{"feature_title":"Hassle-free exchange","feature_text":"Receive a slip for exchanges","feature_image":null,"feature_url":"shopify:\/\/policies\/refund-policy","hide_image":false}},"template--17105618436333__d5e7caad-219c-41b7-a2cd-03b0eae6ac11-image-4":{"type":"image","disabled":false,"settings":{"feature_title":"Verified Trusted Reviews","feature_text":"Customer satisfaction #1 priority","feature_image":null,"feature_url":"shopify:\/\/policies\/contact-information","hide_image":false}}},"block_order":["image_gx6Fz","template--17105618436333__d5e7caad-219c-41b7-a2cd-03b0eae6ac11-image-2","template--17105618436333__d5e7caad-219c-41b7-a2cd-03b0eae6ac11-image-3","template--17105618436333__d5e7caad-219c-41b7-a2cd-03b0eae6ac11-image-4"]},"657b6d79-67a2-4d25-81f2-626625b61477":{"disabled":false,"settings":{"layout":"full_bleed","slide_height":"adapt_image","slider_visual":"dots","change_slides_speed":3,"image_behavior":"none","accessibility_info":"TORR"},"blocks":{"slide_Prhak":{"type":"slide","disabled":false,"settings":{"image":"shopify:\/\/shop_images\/nEW-cOVER-3-MEN-SUMMER.jpg","heading":"","heading_size":"h1","subheading":"","button_label":"","link":"","button_style_secondary":false,"box_align":"middle-center","show_text_box":false,"text_alignment":"center","image_overlay_opacity":0,"color_scheme":"background-1","header-f293b722453faa930f2285b9947fb0db":null,"text_alignment_mobile":"center"}},"slide_CT8LJ":{"type":"slide","disabled":false,"settings":{"image":"shopify:\/\/shop_images\/tuba-ethnic.jpg","heading":"","heading_size":"h1","subheading":"","button_label":"","link":"","button_style_secondary":false,"box_align":"middle-center","show_text_box":false,"text_alignment":"center","image_overlay_opacity":0,"color_scheme":"background-1","header-ece8aad0099b9938f07f4393e002c0ce":null,"text_alignment_mobile":"center"}},"slide_QKyit":{"type":"slide","disabled":true,"settings":{"image":"shopify:\/\/shop_images\/Main-Banner-Kids-2.jpg","heading":"","heading_size":"h1","subheading":"","button_label":"","link":"","button_style_secondary":false,"box_align":"middle-center","show_text_box":false,"text_alignment":"center","image_overlay_opacity":0,"color_scheme":"background-1","header-12971acc043b617add84dd4f3562a803":null,"text_alignment_mobile":"center"}}},"block_order":["slide_Prhak","slide_CT8LJ","slide_QKyit"]},"a5db1424-9d57-4aac-8a8b-e89a30b9e51e":{"disabled":true,"settings":{"image":"shopify:\/\/shop_images\/Daraz-Cover-Photo_b25737c9-bb10-4402-9694-bc97bcf58c21.jpg","image_height":"adapt"},"blocks":{},"block_order":[]},"36f4b9f5-63c1-4cc7-a526-5ed104a099d9":{"settings":{"heading_size":"h2","image_ratio":"adapt","columns_desktop":2,"columns_mobile":"2","padding_top":0,"padding_bottom":12},"blocks":{"template--16987181252845__36f4b9f5-63c1-4cc7-a526-5ed104a099d9-featured_collection-2":{"settings":{"collection":"all-polo-collections"}}},"block_order":["template--16987181252845__36f4b9f5-63c1-4cc7-a526-5ed104a099d9-featured_collection-2"]},"4fc72eae-7a39-48ab-8c4a-e038aaf44a8b":{"settings":{"title":"PERFORMANCE POLO","heading_size":"h2","description":"","collection":"performance-polo","products_to_show":4,"columns_desktop":4,"full_width":false,"show_view_all":true,"view_all_style":"link","image_ratio":"portrait","columns_mobile":"2","padding_bottom":20},"blocks":{}},"e35981f7-80b6-440f-8680-7892a20dd2e3":{"settings":{"title":"ACTIVEWEAR T-SHIRT","heading_size":"h2","collection":"mens-activewear","products_to_show":4,"columns_desktop":4,"show_view_all":true,"image_ratio":"portrait","columns_mobile":"2","padding_bottom":28},"blocks":{}},"fbd2f1e2-0850-4ba5-a446-7bc8a018a5cd":{"settings":{},"blocks":{"template--16987181252845__fbd2f1e2-0850-4ba5-a446-7bc8a018a5cd-featured_collection-3":{"settings":{"collection":"ethnic"}}}},"featured_collection":{"disabled":false,"settings":{"title":"Women's Tops","heading_size":"h2","collection":"womens-top","full_width":true,"image_ratio":"adapt","columns_mobile":"2","swipe_on_mobile":false},"blocks":{}},"6c6ad394-f5c3-47ef-a6ad-5d358146cf8f":{"settings":{"image_ratio":"adapt","columns_desktop":1},"blocks":{},"block_order":[]},"f19c2204-a923-4df3-be46-791ba646f044":{"settings":{},"blocks":{"template--16987181252845__f19c2204-a923-4df3-be46-791ba646f044-featured_collection-1":{"settings":{"collection":"kids-collection"}}},"block_order":["template--16987181252845__f19c2204-a923-4df3-be46-791ba646f044-featured_collection-1"]},"1702790638b993ec32":{"settings":{},"blocks":{"42c3f27b-dc50-427e-9a60-45cbb3171ec1":{"settings":{"title_size":30,"alignment":"center"}}}}},"order":["657b6d79-67a2-4d25-81f2-626625b61477","a5db1424-9d57-4aac-8a8b-e89a30b9e51e","image_banner_JrDwE","rich_text_eqykr","36f4b9f5-63c1-4cc7-a526-5ed104a099d9","4fc72eae-7a39-48ab-8c4a-e038aaf44a8b","e35981f7-80b6-440f-8680-7892a20dd2e3","featured_collection_z3U6m","fbd2f1e2-0850-4ba5-a446-7bc8a018a5cd","featured_collection_JaMgi","featured_collection","6c6ad394-f5c3-47ef-a6ad-5d358146cf8f","f19c2204-a923-4df3-be46-791ba646f044","38dadb26-1766-4292-8687-ad6a9570f98e","d5e7caad-219c-41b7-a2cd-03b0eae6ac11","1702790638b993ec32"]}