{"parent":"page.our-story.json","context":{"market":"bd"},"sections":{"46fe2714-d785-4f43-8649-34e1f6658f91":{"settings":{"full_width":true,"content_alignment":"center","desktop_content_position":"center"},"blocks":{"template--17102918713581__46fe2714-d785-4f43-8649-34e1f6658f91-text-1":{"settings":{"text":"<p>TORR is a your gateway to a world of fashion where individuaity and style reign supreme. We believe that clothing is more than just a necessity. It's a powerful tool for self-expression and empowerment. Step into our world and discover the  endless possibilities that await.<br\/>Grow with Us, Live to the fullest.<br\/><br\/>GROW & LIVE<\/p>"}}}},"main":{"disabled":false,"settings":{},"blocks":{}}}}