{"sections":{"main":{"type":"main-page","settings":{"padding_top":0,"padding_bottom":0}},"80a6c033-ee7a-414b-9098-8bc73c1b9f6c":{"type":"image-banner","blocks":{"template--16987181351149__80a6c033-ee7a-414b-9098-8bc73c1b9f6c-heading-1":{"type":"heading","settings":{"heading":"Image banner","heading_size":"h1"}},"template--16987181351149__80a6c033-ee7a-414b-9098-8bc73c1b9f6c-text-1":{"type":"text","settings":{"text":"Give customers details about the banner image(s) or content on the template.","text_style":"body"}},"template--16987181351149__80a6c033-ee7a-414b-9098-8bc73c1b9f6c-buttons-1":{"type":"buttons","settings":{"button_label_1":"Button label","button_link_1":"","button_style_secondary_1":false,"button_label_2":"Button label","button_link_2":"","button_style_secondary_2":false}}},"block_order":["template--16987181351149__80a6c033-ee7a-414b-9098-8bc73c1b9f6c-heading-1","template--16987181351149__80a6c033-ee7a-414b-9098-8bc73c1b9f6c-text-1","template--16987181351149__80a6c033-ee7a-414b-9098-8bc73c1b9f6c-buttons-1"],"settings":{"image_overlay_opacity":0,"image_height":"medium","desktop_content_position":"middle-center","show_text_box":true,"desktop_content_alignment":"center","color_scheme":"","image_behavior":"none","mobile_content_alignment":"center","stack_images_on_mobile":true,"show_text_below":true}},"1e9b8344-bddd-48ca-be89-69e55b5f81fe":{"type":"multicolumn","blocks":{"template--16987181351149__1e9b8344-bddd-48ca-be89-69e55b5f81fe-column-1":{"type":"column","settings":{"image":"shopify:\/\/shop_images\/Front_63.jpg","title":"Column","text":"<p>Pair text with an image to focus on your chosen product, collection, or blog post. Add details on availability, style, or even provide a review.<\/p>","link_label":"","link":""}},"template--16987181351149__1e9b8344-bddd-48ca-be89-69e55b5f81fe-column-2":{"type":"column","settings":{"image":"shopify:\/\/shop_images\/Side_63.jpg","title":"Column","text":"<p>Pair text with an image to focus on your chosen product, collection, or blog post. Add details on availability, style, or even provide a review.<\/p>","link_label":"","link":""}},"5030249b-8198-457e-b6dd-15f09d4cdaa8":{"type":"column","settings":{"image":"shopify:\/\/shop_images\/Front_62.jpg","title":"Column","text":"<p>Pair text with an image to focus on your chosen product, collection, or blog post. Add details on availability, style, or even provide a review.<\/p>","link_label":"","link":""}},"template--16987181351149__1e9b8344-bddd-48ca-be89-69e55b5f81fe-column-3":{"type":"column","settings":{"image":"shopify:\/\/shop_images\/Side_64.jpg","title":"Column","text":"<p>Pair text with an image to focus on your chosen product, collection, or blog post. Add details on availability, style, or even provide a review.<\/p>","link_label":"","link":""}}},"block_order":["template--16987181351149__1e9b8344-bddd-48ca-be89-69e55b5f81fe-column-1","template--16987181351149__1e9b8344-bddd-48ca-be89-69e55b5f81fe-column-2","5030249b-8198-457e-b6dd-15f09d4cdaa8","template--16987181351149__1e9b8344-bddd-48ca-be89-69e55b5f81fe-column-3"],"settings":{"title":"Multicolumn","heading_size":"h1","image_width":"full","image_ratio":"portrait","columns_desktop":4,"column_alignment":"center","background_style":"primary","button_label":"Button label","button_link":"","color_scheme":"","columns_mobile":"2","swipe_on_mobile":false,"padding_top":0,"padding_bottom":0}},"4e4b7523-029c-481d-9f7c-a90c48d9d68b":{"type":"multicolumn","blocks":{"96bda630-035b-4e5a-8ff6-958df5172e62":{"type":"column","settings":{"image":"shopify:\/\/shop_images\/Front_63.jpg","title":"Column","text":"<p>Pair text with an image to focus on your chosen product, collection, or blog post. Add details on availability, style, or even provide a review.<\/p>","link_label":"","link":""}},"dcb719b2-fff6-4ed5-b19b-0b22dcd7a6e0":{"type":"column","settings":{"image":"shopify:\/\/shop_images\/Side_63.jpg","title":"Column","text":"<p>Pair text with an image to focus on your chosen product, collection, or blog post. Add details on availability, style, or even provide a review.<\/p>","link_label":"","link":""}},"0a350695-0072-41e4-ab5b-2eef4e628338":{"type":"column","settings":{"image":"shopify:\/\/shop_images\/Front_62.jpg","title":"Column","text":"<p>Pair text with an image to focus on your chosen product, collection, or blog post. Add details on availability, style, or even provide a review.<\/p>","link_label":"","link":""}},"47afb16d-dec5-4745-8dda-cb61a6a01181":{"type":"column","settings":{"image":"shopify:\/\/shop_images\/Side_64.jpg","title":"Column","text":"<p>Pair text with an image to focus on your chosen product, collection, or blog post. Add details on availability, style, or even provide a review.<\/p>","link_label":"","link":""}}},"block_order":["96bda630-035b-4e5a-8ff6-958df5172e62","dcb719b2-fff6-4ed5-b19b-0b22dcd7a6e0","0a350695-0072-41e4-ab5b-2eef4e628338","47afb16d-dec5-4745-8dda-cb61a6a01181"],"settings":{"title":"Multicolumn","heading_size":"h1","image_width":"full","image_ratio":"portrait","columns_desktop":4,"column_alignment":"center","background_style":"primary","button_label":"Button label","button_link":"","color_scheme":"","columns_mobile":"2","swipe_on_mobile":false,"padding_top":0,"padding_bottom":0}}},"order":["main","80a6c033-ee7a-414b-9098-8bc73c1b9f6c","1e9b8344-bddd-48ca-be89-69e55b5f81fe","4e4b7523-029c-481d-9f7c-a90c48d9d68b"]}