{"sections":{"main":{"type":"main-page","settings":{"padding_top":0,"padding_bottom":0}},"image_banner_rVhReg":{"type":"image-banner","blocks":{"heading_RLFJU9":{"type":"heading","settings":{"heading":"","heading_size":"h1"}},"text_hjRey4":{"type":"text","settings":{"text":"","text_style":"body"}},"buttons_Cfnyj6":{"type":"buttons","settings":{"button_label_1":"","button_link_1":"","button_style_secondary_1":false,"button_label_2":"","button_link_2":"","button_style_secondary_2":false}}},"block_order":["heading_RLFJU9","text_hjRey4","buttons_Cfnyj6"],"settings":{"image":"shopify:\/\/shop_images\/Our-Story.jpg","image_overlay_opacity":0,"image_height":"adapt","desktop_content_position":"middle-center","show_text_box":false,"desktop_content_alignment":"center","color_scheme":"","image_behavior":"none","mobile_content_alignment":"center","stack_images_on_mobile":true,"show_text_below":true}},"46fe2714-d785-4f43-8649-34e1f6658f91":{"type":"rich-text","blocks":{"template--17102918713581__46fe2714-d785-4f43-8649-34e1f6658f91-heading-1":{"type":"heading","settings":{"heading":"OUR STORY","heading_size":"h1"}},"template--17102918713581__46fe2714-d785-4f43-8649-34e1f6658f91-text-1":{"type":"text","settings":{"text":"<h4>TORR is a your gateway to a world of fashion where individuaity and style reign supreme. We believe that clothing is more than just a necessity. It's a powerful tool for self-expression and empowerment. Step into our world and discover the  endless possibilities that await.<br\/>Grow with Us, Live to the fullest.<br\/><br\/>GROW & LIVE<\/h4>"}}},"block_order":["template--17102918713581__46fe2714-d785-4f43-8649-34e1f6658f91-heading-1","template--17102918713581__46fe2714-d785-4f43-8649-34e1f6658f91-text-1"],"settings":{"desktop_content_position":"center","content_alignment":"center","color_scheme":"","full_width":true,"padding_top":0,"padding_bottom":0}}},"order":["main","image_banner_rVhReg","46fe2714-d785-4f43-8649-34e1f6658f91"]}