{"parent":"page.json","context":{"market":"bd"},"sections":{"39540a62-fc6b-425b-95c3-27d502afcddd":{"type":"image-banner","disabled":false,"settings":{"image":"shopify:\/\/shop_images\/Main-Banner-bulk.jpg","image_2":null,"image_overlay_opacity":0,"image_height":"adapt","desktop_content_position":"middle-center","show_text_box":false,"desktop_content_alignment":"center","color_scheme":"","header-5367e92bd156583c8c1cbe35b6c2c9d8":null,"image_behavior":"none","header-97cc9a5b9ad0d8d284af72fe326565fb":null,"mobile_content_alignment":"center","stack_images_on_mobile":false,"show_text_below":false},"blocks":{},"block_order":[]},"rich_text_GiC3y":{"type":"rich-text","disabled":false,"settings":{"desktop_content_position":"center","content_alignment":"center","color_scheme":"","full_width":true,"header-f311c0a918f18b0cf1eccdda27c56725":null,"padding_top":40,"padding_bottom":52},"blocks":{"heading_EqYiC":{"type":"heading","disabled":false,"settings":{"heading":"Personalized Items and Corporate Bulk Options","heading_size":"h1"}},"text_tUAUF":{"type":"text","disabled":false,"settings":{"text":"<p>We excel in offering environmentally friendly, cost-effective, and premium custom merchandise and corporate gift solutions tailored to a wide range of clients, from innovative startups to renowned multinational corporations. With a fully equipped in-house production facility, we ensure a smooth production process and maintain steadfast quality standards.<\/p>"}}},"block_order":["heading_EqYiC","text_tUAUF"]},"contact_form_CAdzJ":{"type":"contact-form","disabled":false,"settings":{"heading":"Share Your Requirements with Us.","heading_size":"h1","color_scheme":"","header-b8d5eafc506ed338ee53c55b3d314848":null,"padding_top":36,"padding_bottom":36},"blocks":{},"block_order":[]},"main":{"disabled":true,"settings":{},"blocks":{}}},"order":["main","39540a62-fc6b-425b-95c3-27d502afcddd","rich_text_GiC3y","contact_form_CAdzJ"]}