{"sections":{"main":{"type":"main-product","blocks":{"vendor":{"type":"text","settings":{"text":"{{ product.vendor }}","text_style":"uppercase"}},"title":{"type":"title","settings":{}},"6da20fcf-52e2-493c-a419-9784849775f4":{"type":"sku","settings":{"text_style":"body"}},"price":{"type":"price","settings":{}},"variant_picker":{"type":"variant_picker","settings":{"picker_type":"dropdown"}},"quantity_selector":{"type":"quantity_selector","settings":{}},"723c47c5-9523-47fb-8b5c-9a5b025f457d":{"type":"inventory","settings":{"text_style":"body","inventory_threshold":10,"show_inventory_quantity":true}},"buy_buttons":{"type":"buy_buttons","settings":{"show_dynamic_checkout":true,"show_gift_card_recipient":true}},"description":{"type":"description","settings":{}},"share":{"type":"share","settings":{"share_label":"Share"}},"e516f659-98d2-463e-aa38-5a9be8c0d58c":{"type":"shopify:\/\/apps\/yotpo-product-photo-reviews\/blocks\/star-rating\/eb7dfd7d-db44-4334-bc49-c893b51b36cf","settings":{"product":"{{product}}"}}},"block_order":["vendor","title","6da20fcf-52e2-493c-a419-9784849775f4","price","e516f659-98d2-463e-aa38-5a9be8c0d58c","variant_picker","quantity_selector","723c47c5-9523-47fb-8b5c-9a5b025f457d","buy_buttons","description","share"],"settings":{"enable_sticky_info":true,"color_scheme":"background-1","media_size":"medium","constrain_to_viewport":true,"media_fit":"cover","gallery_layout":"thumbnail_slider","media_position":"left","image_zoom":"hover","mobile_thumbnails":"show","hide_variants":true,"enable_video_looping":false,"padding_top":16,"padding_bottom":12}},"related-products":{"type":"related-products","settings":{"heading":"You may also like","heading_size":"h2","products_to_show":10,"columns_desktop":5,"color_scheme":"background-1","image_ratio":"portrait","image_shape":"default","show_secondary_image":true,"show_vendor":false,"show_rating":true,"columns_mobile":"2","padding_top":0,"padding_bottom":8}},"bbbac777e4041300fff1":{"type":"apps","blocks":{"a904dce9-0605-4b6a-a570-ae63620d6b0e":{"type":"shopify:\/\/apps\/yotpo-product-photo-reviews\/blocks\/reviews\/eb7dfd7d-db44-4334-bc49-c893b51b36cf","settings":{"product":"{{product}}"}}},"block_order":["a904dce9-0605-4b6a-a570-ae63620d6b0e"],"settings":{"include_margins":true}}},"order":["main","bbbac777e4041300fff1","related-products"]}