{"parent":"product.json","context":{"market":"bd"},"sections":{"main":{"settings":{"media_size":"medium","constrain_to_viewport":true,"media_fit":"contain","gallery_layout":"thumbnail_slider","media_position":"left","image_zoom":"lightbox","hide_variants":false},"blocks":{"variant_picker":{"settings":{"picker_type":"button"}}}},"related-products":{"settings":{"heading_size":"h2","products_to_show":4,"columns_desktop":4,"image_ratio":"portrait","image_shape":"default","columns_mobile":"2","padding_bottom":0},"blocks":{}}}}