{"name":"t:sections.footer.name","type":"footer","sections":{"footer":{"type":"footer","blocks":{"476d47cb-1080-4628-be22-d8300daf16b6":{"type":"link_list","settings":{"heading":"","menu":"main-menu"}},"a684ea82-4a0a-416c-bb74-b73ac15b222e":{"type":"brand_information","settings":{"show_social":false}},"834ce365-0991-45fa-9a9a-2eac34209714":{"type":"text","settings":{"heading":"STORE LOCATOR","subtext":"<p><a href=\"https:\/\/www.google.com\/maps\/place\/Fortis+Downtown+Resort\/@23.7945029,90.465268,17z\/data=!3m1!4b1!4m6!3m5!1s0x3755c869a4d5d333:0x70e2fc7e38dd3b0e!8m2!3d23.794498!4d90.4678429!16s%2Fg%2F11f0_dq2fb?entry=ttu\" target=\"_blank\" title=\"https:\/\/www.google.com\/maps\/place\/Fortis+Downtown+Resort\/@23.7945029,90.465268,17z\/data=!3m1!4b1!4m6!3m5!1s0x3755c869a4d5d333:0x70e2fc7e38dd3b0e!8m2!3d23.794498!4d90.4678429!16s%2Fg%2F11f0_dq2fb?entry=ttu\">Fortis Downtown resort<\/a><br\/>Jamun Future Park<br\/>Sarah Resort LTD <br\/>MIRPUR,ECB<\/p>"}},"46a92637-aa14-4f47-8973-7554e1cc3cde":{"type":"text","settings":{"heading":"CORPORATE OFFICE:","subtext":"<p>Fokirkhali Road, Beraid, Badda, <br\/>Dhaka-1212, Bangladesh.<\/p>"}}},"block_order":["476d47cb-1080-4628-be22-d8300daf16b6","a684ea82-4a0a-416c-bb74-b73ac15b222e","834ce365-0991-45fa-9a9a-2eac34209714","46a92637-aa14-4f47-8973-7554e1cc3cde"],"settings":{"color_scheme":"accent-1","newsletter_enable":true,"newsletter_heading":"ENTER YOUR EMAIL FOR UPDATES","enable_follow_on_shop":true,"show_social":true,"enable_country_selector":true,"enable_language_selector":false,"payment_enable":false,"show_policy":true,"margin_top":0,"padding_top":28,"padding_bottom":8}}},"order":["footer"]}