{"parent":"footer-group.json","context":{"market":"bd"},"sections":{"footer":{"settings":{"color_scheme":"accent-1","newsletter_enable":true,"newsletter_heading":"","enable_follow_on_shop":true,"show_social":true,"enable_country_selector":true,"payment_enable":true,"show_policy":true,"margin_top":0,"padding_top":28,"padding_bottom":28},"blocks":{"76e1ccb7-13a0-4204-b826-c94b3b93e989":{"type":"link_list","disabled":false,"settings":{"heading":"","menu":"main-menu"}},"834ce365-0991-45fa-9a9a-2eac34209714":{"settings":{"heading":"Store Locations:","subtext":"<p><a href=\"https:\/\/www.google.com\/maps\/place\/Fortis+Downtown+Resort\/@23.7945029,90.465268,17z\/data=!3m1!4b1!4m6!3m5!1s0x3755c869a4d5d333:0x70e2fc7e38dd3b0e!8m2!3d23.794498!4d90.4678429!16s%2Fg%2F11f0_dq2fb?entry=ttu\" target=\"_blank\" title=\"https:\/\/www.google.com\/maps\/place\/Fortis+Downtown+Resort\/@23.7945029,90.465268,17z\/data=!3m1!4b1!4m6!3m5!1s0x3755c869a4d5d333:0x70e2fc7e38dd3b0e!8m2!3d23.794498!4d90.4678429!16s%2Fg%2F11f0_dq2fb?entry=ttu\">Fortis Downtown Resort<\/a><br\/><a href=\"https:\/\/www.google.com\/maps\/place\/Jamuna+Future+Park\/@23.813546,90.4216644,17z\/data=!3m1!4b1!4m6!3m5!1s0x3755c62fb95f16c1:0xb333248370356dee!8m2!3d23.8135411!4d90.4242393!16s%2Fm%2F04y84sx?entry=ttu\" target=\"_blank\" title=\"https:\/\/www.google.com\/maps\/place\/Jamuna+Future+Park\/@23.813546,90.4216644,17z\/data=!3m1!4b1!4m6!3m5!1s0x3755c62fb95f16c1:0xb333248370356dee!8m2!3d23.8135411!4d90.4242393!16s%2Fm%2F04y84sx?entry=ttu\">Jamuna Future Park<\/a><br\/><a href=\"https:\/\/www.google.com\/maps\/place\/Sarah+Resort+Gazipur\/@24.0980311,90.5080352,17z\/data=!3m1!4b1!4m9!3m8!1s0x3755d660f6f157d9:0x54482d99c7b5a5fa!5m2!4m1!1i2!8m2!3d24.0980262!4d90.5106101!16s%2Fg%2F11bxdmw8b8?entry=ttu\" title=\"https:\/\/www.google.com\/maps\/place\/Sarah+Resort+Gazipur\/@24.0980311,90.5080352,17z\/data=!3m1!4b1!4m9!3m8!1s0x3755d660f6f157d9:0x54482d99c7b5a5fa!5m2!4m1!1i2!8m2!3d24.0980262!4d90.5106101!16s%2Fg%2F11bxdmw8b8?entry=ttu\">Sarah Resort<\/a><br\/><a href=\"https:\/\/www.google.com\/maps\/place\/ECB+Chattar,+Dhaka\/@23.8225706,90.3831294,15z\/data=!3m1!4b1!4m6!3m5!1s0x3755c6c2ab936b87:0xcaa915c4069493be!8m2!3d23.8225517!4d90.3934291!16s%2Fg%2F11bztyyv98?entry=ttu\" target=\"_blank\" title=\"https:\/\/www.google.com\/maps\/place\/ECB+Chattar,+Dhaka\/@23.8225706,90.3831294,15z\/data=!3m1!4b1!4m6!3m5!1s0x3755c6c2ab936b87:0xcaa915c4069493be!8m2!3d23.8225517!4d90.3934291!16s%2Fg%2F11bztyyv98?entry=ttu\">Mirpur, ECB<\/a><\/p>"}},"e3b5a7d7-9fb0-4e0d-96e8-3e64e60672d1":{"type":"text","disabled":false,"settings":{"heading":"Corporate Office:","subtext":"<p>Fokirkhali Road, Beraid, Badda, <br\/>Dhaka-1212, Bangladesh.<br\/>Phone Number: +8801940999902<br\/>Email: support@torr.com.bd<\/p>"}},"a684ea82-4a0a-416c-bb74-b73ac15b222e":{"settings":{"show_social":false}}},"block_order":["76e1ccb7-13a0-4204-b826-c94b3b93e989","834ce365-0991-45fa-9a9a-2eac34209714","e3b5a7d7-9fb0-4e0d-96e8-3e64e60672d1","a684ea82-4a0a-416c-bb74-b73ac15b222e"]}},"order":["footer"]}