{"name":"t:sections.header.name","type":"header","sections":{"header":{"type":"header","settings":{"logo_position":"middle-left","menu":"main-menu","menu_type_desktop":"dropdown","sticky_header_type":"always","show_line_separator":false,"color_scheme":"background-1","menu_color_scheme":"background-1","enable_country_selector":true,"enable_language_selector":true,"mobile_logo_position":"center","margin_bottom":0,"padding_top":0,"padding_bottom":0}},"announcement-bar":{"type":"announcement-bar","blocks":{"announcement-bar-0":{"type":"announcement","settings":{"text":"Sale upto 50%","link":""}}},"block_order":["announcement-bar-0"],"settings":{"color_scheme":"accent-1","show_line_separator":false,"show_social":true,"auto_rotate":false,"change_slides_speed":5,"enable_country_selector":true,"enable_language_selector":true}}},"order":["header","announcement-bar"]}