{"parent":"header-group.json","context":{"market":"bd"},"sections":{"header":{"settings":{"logo_position":"middle-left","menu_type_desktop":"dropdown","sticky_header_type":"always","show_line_separator":false,"enable_country_selector":true,"mobile_logo_position":"center","margin_bottom":0},"blocks":{}},"announcement-bar":{"disabled":false,"settings":{"show_line_separator":false,"show_social":false,"auto_rotate":true,"change_slides_speed":5,"enable_country_selector":true,"enable_language_selector":true},"blocks":{},"block_order":[]}},"order":["header","announcement-bar"]}